<application>
  <component name="FileTypeManager" version="17">
    <ignoreFiles list="*.hprof;*.iml;*.pyc;*.pyo;*.rbc;*.yarb;*~;.DS_Store;.git;.hg;.idea;.project;.settings;.svn;CVS;__pycache__;_svn;build;vssver.scc;vssver2.scc;work;" />
    <extensionMap>
      <mapping ext="klib" type="ARCHIVE" />
      <mapping pattern="sss" type="CLASS" />
      <mapping pattern="DwrSendToReadService" type="JAVA" />
      <mapping pattern="LLL" type="JavaScript" />
      <mapping ext="conf" type="PLAIN_TEXT" />
    </extensionMap>
  </component>
</application>