<application>
  <component name="GitRememberedInputs">
    <option name="visitedUrls">
      <list>
        <UrlAndUserName>
          <option name="url" value="http://172.20.95.84" />
          <option name="userName" value="songjw" />
        </UrlAndUserName>
        <UrlAndUserName>
          <option name="url" value="http://172.20.95.84/javaoa/GRCOffice-p51.git" />
          <option name="userName" value="" />
        </UrlAndUserName>
        <UrlAndUserName>
          <option name="url" value="http://172.20.95.84/javaoa/GRCOffice-mobile.git" />
          <option name="userName" value="" />
        </UrlAndUserName>
        <UrlAndUserName>
          <option name="url" value="http://172.20.95.84/javaoa/grcoffice.git" />
          <option name="userName" value="" />
        </UrlAndUserName>
        <UrlAndUserName>
          <option name="url" value="http://172.20.95.84/bp/GRCOffice-p51.git" />
          <option name="userName" value="" />
        </UrlAndUserName>
        <UrlAndUserName>
          <option name="url" value="https://github.com/wicever/res.git" />
          <option name="userName" value="" />
        </UrlAndUserName>
      </list>
    </option>
    <option name="cloneParentDir" value="D:\Develop\Workspaces" />
  </component>
  <component name="Vcs.Log.App.Settings">
    <option name="COMPACT_REFERENCES_VIEW" value="false" />
    <option name="SHOW_TAG_NAMES" value="true" />
    <option name="SHOW_CHANGES_FROM_PARENTS" value="true" />
  </component>
</application>