<?xml version="1.0" encoding="UTF-8"?>
<beans xmlns="http://www.springframework.org/schema/beans" xmlns:aop="http://www.springframework.org/schema/aop" xmlns:cache="http://www.springframework.org/schema/cache"
  xmlns:jpa="http://www.springframework.org/schema/data/jpa" xmlns:repository="http://www.springframework.org/schema/data/repository"
  xmlns:util="http://www.springframework.org/schema/util" xmlns:xsi="http://www.w3.org/2001/XMLSchema-instance"
  xsi:schemaLocation="http://www.springframework.org/schema/beans 
    http://www.springframework.org/schema/beans/spring-beans.xsd
    http://www.springframework.org/schema/aop 
    http://www.springframework.org/schema/aop/spring-aop.xsd
    http://www.springframework.org/schema/cache 
    http://www.springframework.org/schema/cache/spring-cache.xsd
    http://www.springframework.org/schema/data/jpa
    http://www.springframework.org/schema/data/jpa/spring-jpa.xsd
    http://www.springframework.org/schema/data/repository
    http://www.springframework.org/schema/data/repository/spring-repository.xsd
    http://www.springframework.org/schema/util 
    http://www.springframework.org/schema/util/spring-util.xsd">

  <!-- 产品工程自定义控件配置 -->
    
  <!-- 产品工程控件解析器名字映射表 -->
  <util:map id="productPageWidgetRenders" key-type="java.lang.String" value-type="java.lang.String">
    <!-- 配置样例
    <entry key="productControlSample" value="productControlSample" /> -->
    <!-- 无页签列表控件 -->
    <entry key="nonTabList" value="hd-productNonTabList-control-render" />
    <!-- 页签列表控件 -->
    <entry key="tabList" value="hd-productTabList-control-render" />    
    <!-- 列表按钮控件 -->
    <entry key="listButton" value="hd-productListButton-control-render" />
    <!-- 子表控件扩展 -->
    <entry key="hdProductChildTable" value="hd-product-childtable-control-render" />
    <!-- 列表编辑控件 -->
    <entry key="hdListEdit" value="hd-listEdit-control-render" />
    <!-- 产品正文控件 -->
      <entry key="hdProductDoc" value="hd-hd-productDoc-control-render" />
    <!-- 产品多附件区域控件 -->
      <entry key="hdProductDocArea" value="hd-hd-ProductDocArea-control-render" />
      <!-- oa动态表格控件 -->
      <entry key="hdGeneralTable" value="hd-hd-generalTableField-control-render" />
      <!-- OA非流程列表 -->
      <entry key="hdOaEabList" value="hd-hd-oaEabList-control-render" />
      <!-- OA业务类型列表控件 -->
      <entry key="hdOaBusinessTypeList" value="hd-hd-oaBusinessType-control-render" />
      <!-- OA流程列表控件 -->
      <entry key="hdOaBpmList" value="hd-hd-oaBpmList-control-render" />
      <!-- OA填写意见控件 -->
      <entry key="hdOaOpinion" value="hd-hd-opinion-oa-control-render" />
      <entry key="hdDateField" value="hd-date-control-render" />
      <entry key="hdDateSignField" value="hd-date-sign-control-render" />
      <entry key="hdUserSignField" value="hd-user-sign-control-render" />
      <!-- 审批意见表单内展示 -->
      <entry key="hdOpinionViewInForm" value="hd-hd-opinion-viewinform-control-render" />
      <!-- OA机构人员选择控件 -->
      <entry key="hdOaPersonPickerArea" value="hd-hd-oaPersonPicker-control-render" />
      <!-- OA机构人员选择控件含外单位、单位组 -->
      <entry key="hdOaExtPickerArea" value="hd-hd-oaExternalPersonPicker-control-render"/>
      <!-- OA流程页面基础信息控件 -->
      <entry key="oaFlowFormBasicInfo" value="hd-hd-oaFlowFormBasicInfo-control-render"/>
      <!-- 关联文档控件 -->
      <entry key="oaRelatedDoc" value="hd-oa-relatedDoc-control-render"/>
      <!-- OA非流程基础信息控件 -->
      <entry key="oaNoFlowBasicInfo" value="hd-hd-oaNoFlowBasicInfo-control-render"/>
      <!-- OA编号控件 -->
      <entry key="oaNumber" value="hdOaNumberControlRender"/>

  </util:map>
  
  <!-- 产品工程控件 -->
  <!-- 配置样例
  <bean id="productControlSample" class="com.hd.rcugrc.product.page.widget.sampleControl">
    <property name="controlType" value="sampleControl" />
  </bean>  -->
  
  <!-- OA产品定制 增加资源版本号 start -->
  <bean id="oatemplateCodeGenerator" class="com.hd.rcugrc.product.oa.common.util.OaCodeGeneratorImpl">
    <property name="encoding" value="${com.hd.rcugrc.web.gensrc.encoding}" />
    <property name="dictService" ref="hdToolsDictService" />
  </bean>
  <!-- OA产品定制 增加资源版本号 end -->
  
   <!-- 审批意见表单内展示 -->
  <bean id="hd-hd-opinion-viewinform-control-render" class="com.hd.rcugrc.product.oa.widget.form.HdOpinionViewInFormControl">
    <property name="opinionService" ref="hdFormOpinionService"/>
    <property name="userInfoService" ref="cachedHdUserInfoService"/>
    <property name="workflowService" ref="hdWorkflowService"/>
    <property name="oaOpinionService" ref="hd-product-opinion-service"/>
  </bean>
  
  <!-- OA机构人员选择控件 -->
  <bean id="hd-hd-oaPersonPicker-control-render" class="com.hd.rcugrc.product.oa.widget.form.HdPersonPickerControl">
    <property name="controlType" value="hdOaPersonPicker" />
    <property name="scripts" value="hd.widget.oaPersonPicker" />
    <property name="styles" value="bootstrap.bootstrapStyle" />
    <property name="recipientService" ref="hdFormRecipientService" />
  </bean>
  
  <!-- OA机构人员选择控件含外单位、单位组 -->
  <bean id="hd-hd-oaExternalPersonPicker-control-render" class="com.hd.rcugrc.product.oa.widget.form.HdExternalPersonPickerControl">
    <property name="controlType" value="hdOaExtPersonPicker" />
    <property name="scripts" value="hd.widget.oaExternalPersonPicker" />
    <property name="styles" value="bootstrap.bootstrapStyle" />
    <property name="recipientService" ref="hdFormRecipientService" />
  </bean>
  
  <!-- OA流程页面基础信息控件 -->
  <bean id="hd-hd-oaFlowFormBasicInfo-control-render" class="com.hd.rcugrc.product.oa.widget.form.OaFlowFormBasicInfoControl">
    <property name="workflowService" ref="hdWorkflowService"/>
    <property name="sendToReadLogService" ref="hd-product-oa-sendtoread-service" />
    <property name="evaluationRecordService" ref="hd-product-oa-evaluationrecord-service" />
    <property name="relatedDocService" ref="hd-product-oa-relateddoc-service" />
    <property name="productAttentionService" ref="hd-product-attention-service" />
    <property name="docConfigService" ref="hd-product-oa-doc-config-service" />
    <property name="roleInfoService" ref="hdRoleInfoService"/>
    <property name="archivelaterService" ref="hd-ArchivelaterService"></property>
    <property name="flowService" ref="hdFlowService" />
    <property name="dictService" ref="hdToolsDictService" />
    <property name="userInfoService" ref="cachedHdUserInfoService" />
    <property name="levelService" ref="levelService" />
    <property name="docBusinessTypeService" ref="hd-product-oa-doc-business-type-service"/>
    <property name="oaOpinionSortService" ref="hd-product-oa-OaOpinion-service"></property>
    <property name="oaBaseFunctionService" ref="hd-product-oa-common-service"></property>
    <property name="hierarchySwitchService" ref="hierarchySwitchService" />
    <property name="controlType" value="oaFlowFormBasicInfo" />
    <property name="scripts" value="hd.widget.oaFlowFormBasicInfo" />
    <property name="styles" value="hd.widget.oaFlowFormBasicInfoStyle" />
  </bean>
  
  <!-- OA非流程基础信息控件 -->
  <bean id="hd-hd-oaNoFlowBasicInfo-control-render" class="com.hd.rcugrc.product.oa.widget.form.OaNoFlowBasicInfoControl">
    <property name="hierarchySwitchService" ref="hierarchySwitchService" />
    <property name="scripts" value="hd.widget.oaNoFlowBasicInfo" />
    <property name="styles" value="hd.widget.oaNoFlowBasicInfoStyle" />
  </bean>
  
  <!-- OA非流程列表 -->
  <bean id="hd-hd-oaEabList-control-render" class="com.hd.rcugrc.product.basecontrol.EABListControl">
    <property name="controlType" value="hdOaEabList" />
    <property name="scripts" value="hd.widget.oaEabList" />
    <property name="styles" value="bootstrap.bootstrapStyle,hd.widget.oaEabListStyle" />
  </bean>
  
    <!-- OA业务类型列表-带页签 -->
  <bean id="hd-hd-oaBusinessType-control-render" class="com.hd.rcugrc.product.basecontrol.EABListControl">
    <property name="controlType" value="hdOaBusinessTypeList" />
    <property name="scripts" value="hd.widget.oaBusinessTypeList" />
    <property name="styles" value="bootstrap.bootstrapStyle,hd.widget.oaEabListStyle" />
  </bean> 

  <!-- OA流程列表控件 -->
  <!-- <entry key="hdOaBpmList" value="hd-hd-oaBpmList-control-render" /> -->
  <bean id="hd-hd-oaBpmList-control-render" class="com.hd.rcugrc.product.basecontrol.BPMListControl">
    <property name="controlType" value="hdOaBpmList" />
    <property name="scripts" value="hd.widget.oaBpmList" />
    <property name="styles" value="bootstrap.bootstrapStyle,hd.widget.oaBpmListStyle" />
  </bean>
  
  <!-- OA意见签署控件，带附件上传和标识重点意见 -->
  <bean id="hd-hd-opinion-oa-control-render" class="com.hd.rcugrc.product.oa.widget.form.HdOpinionSignAttachmentControl">
    <property name="opinionService" ref="hdFormOpinionService"/>
    <property name="userInfoService" ref="cachedHdUserInfoService"/>
    <property name="workflowService" ref="hdWorkflowService"/>
    <property name="controlType" value="hdOaOpinion"/>
    <property name="scripts" value="hd.widget.oaOpinion"/>
    <property name="styles" value="bootstrap.bootstrapStyle"/>
  </bean>
  
  <!-- 控件service分割 -->
  <!-- 无页签列表控件 -->
  <bean id="hd-productNonTabList-control-render" class="com.hd.rcugrc.product.basecontrol.NonTabListControl">
    <property name="controlType" value="nonTabList" />
    <property name="scripts" value="hd.widget.nonTabList" />
    <property name="styles" value="bootstrap.bootstrapStyle" />
  </bean>
  <!-- 页签列表控件 -->
  <bean id="hd-productTabList-control-render" class="com.hd.rcugrc.product.basecontrol.TabListControl">
    <property name="controlType" value="tabList" />
    <property name="scripts" value="hd.widget.tabList" />
    <property name="styles" value="bootstrap.bootstrapStyle" />
  </bean>
  
  
    <!-- 列表按钮控件 -->
  <bean id="hd-productListButton-control-render" class="com.hd.rcugrc.product.basecontrol.ListButtonControl">
    <property name="controlType" value="listButton" />
    <property name="scripts" value="hd.widget.listButton" />
    <property name="styles" value="bootstrap.bootstrapStyle" />
  </bean>

    <!-- 子表控件扩展 -->
    <bean id="hd-product-childtable-control-render" class="com.hd.rcugrc.product.basecontrol.ProductChildTableControl">
      <property name="controlType" value="hdProductChildTable" />
      <property name="scripts" value="hd.widget.hdProductChildTable" />
      <property name="styles" value="bootstrap.modalStyle,hd.widget.hdJqueryAttachStyle" />
      <property name="jsonObjectMapper" ref="hdWorkflowJsonObjectMapper" />
      <property name="daoLocator" ref="formbeanDaoLocator" />
      <property name="modelInfoResolver" ref="hdModelInfoResolver" />
      <property name="formInfoService" ref="hdFormInfoService" />
      <property name="entityInfoService" ref="hdToolsEntityInfoService" />
      <property name="editorPkgs">
        <map key-type="java.lang.String" value-type="java.lang.String">
        </map>
      </property>
    </bean>
    
  <!-- 列表编辑控件 -->
  <bean id="hd-listEdit-control-render" class="com.hd.rcugrc.product.basecontrol.HdListEditControl">
    <property name="controlType" value="hdListEdit" />
      <property name="scripts" value="hd.widget.hdListEdit" />
      <property name="styles" value="bootstrap.bootstrapStyle" />
      <property name="entityInfoService" ref="hdToolsEntityInfoService" />
      <property name="formInfoService" ref="hdFormInfoService" />
      <property name="dictService" ref="hdToolsDictService" />
  </bean>
  <!-- 产品正文控件 -->
    <bean id="hd-hd-productDoc-control-render" class="com.hd.rcugrc.product.basecontrol.ProductDocControl">
      <property name="controlType" value="hdProductDoc" />
      <property name="scripts" value="hd.widget.hdProductDoc" />
      <property name="styles" value="bootstrap.bootstrapStyle,hd.widget.hdProductDocStyle" />
    </bean>
    <!-- 动态表格控件 -->
  <bean id="hd-hd-generalTableField-control-render" class="com.hd.rcugrc.product.basecontrol.ProductGeneralTableControl">
      <property name="controlType" value="hdGeneralTable" />
      <property name="scripts" value="hd.widget.hdProductGeneralTable" />
      <property name="styles" value="bootstrap.modalStyle,hd.widget.hdJqueryAttachStyle" />
      <property name="commonUtilsService" ref="commonUtilsService" />
      <property name="formInfoService" ref="hdFormInfoService" />
      <property name="dictService" ref="hdToolsDictService" />
    </bean>
  <!-- 产品多附件区域控件 -->
    <bean id="hd-hd-ProductDocArea-control-render" class="com.hd.rcugrc.product.basecontrol.ProductDocAreaControl">
      <property name="controlType" value="hdProductDocArea" />
      <property name="scripts" value="hd.widget.hdProductDocArea" />
      <property name="styles" value="bootstrap.bootstrapStyle" />
    </bean>
  
  <!-- 日期输入框V5 OA定制回调-->
  <bean id="hd-date-control-render" class="com.hd.rcugrc.product.oa.widget.form.OaDateControl">
    <property name="controlType" value="hdDateField" />
    <property name="scripts" value="hd.widget.dateField" />
    <property name="styles" value="bootstrap.datepickerStyle" />
  </bean>    
  <!-- 日期签署框V5 OA定制-->
  <bean id="hd-date-sign-control-render" class="com.hd.rcugrc.product.oa.widget.form.OaDateAutoSignControl">
    <property name="controlType" value="hdDateSignField" />
    <property name="scripts" value="hd.widget.dateSignField" />
    <property name="styles" value="bootstrap.bootstrapStyle" />
  </bean>
  <!-- 用户信息签署框V5 OA定制-->
  <bean id="hd-user-sign-control-render" class="com.hd.rcugrc.product.oa.widget.form.UserAutoSignControl">
    <property name="userInfoService" ref="cachedHdUserInfoService" />
    <property name="controlType" value="hdUserSignField" />
    <property name="scripts" value="hd.widget.userSignField" />
    <property name="styles" value="bootstrap.bootstrapStyle" />
  </bean>
  
  <!-- 关联文档控件 -->
  <bean id="hd-oa-relatedDoc-control-render" class="com.hd.rcugrc.product.oa.widget.form.OaRelatedDocControl">
  	<property name="controlType" value="oaRelatedDoc" />
  	<property name="scripts" value="hd.widget.oaRelatedDoc" />
  </bean>

  <!-- OA编号控件 -->
  <bean id="hdOaNumberControlRender" class="com.hd.rcugrc.product.oa.widget.form.OaNumberControl">
    <property name="controlType" value="oaNumber" />
    <property name="scripts" value="hd.widget.oaNumber" />
    <property name="styles" value="bootstrap.bootstrapStyle,hd.widget.oaNumberStyle" />
  </bean>
</beans>
