{
    "id":"hd.widget.oaNumber",
    "requires":[
        "hd.form.factory"
    ],
    "resources":[
        {
          "$dwrClassName":"com.hd.rcugrc.page.dependency.FileResource",
          "combineable":true,
          "file":"/dwr/engine.js"
        },
        {
            "$dwrClassName":"com.hd.rcugrc.page.dependency.FileResource",
            "combineable":true,
            "file":"/resources/lib/hd/widget/oaNumber.js"
        },
        {
          "$dwrClassName": "com.hd.rcugrc.page.dependency.FileResource",
          "combineable": false,
          "file": "/dwr/interface/dwrOaDocNumberService.js"
        }
    ]
}